text_length,sum_votes
4970,7
4949,21
4948,0
4892,7
4781,2
4666,84
4454,2
4442,3
4406,16
4352,22
4129,2
4112,0
4013,3
3938,9
3873,3
3854,1
3831,12
3689,164
3621,0
3603,3
3597,5
3586,14
3553,1
3502,204
3482,17
3439,9
3431,45
3388,0
3377,0
3366,11
3321,5
3317,71
3175,0
3140,6
3138,2
3080,30
3063,7
2998,2
2987,23
2916,2
2876,7
2876,1
2870,0
2863,1
2842,1
2833,1
2822,1
2818,6
2811,3
2798,0
2789,3
2780,6
2768,3
2751,36
2724,8
2703,12
2699,0
2697,5
2674,0
2666,1
2652,4
2626,10
2625,0
2622,1
2622,1
2618,0
2606,6
2604,5
2601,0
2558,15
2508,5
2484,8
2477,2
2476,2
2460,13
2454,6
2420,1
2417,3
2417,2
2395,11
2378,0
2335,1
2333,0
2331,0
2318,4
2274,45
2274,0
2266,7
2266,0
2263,8
2259,22
2247,0
2240,3
2240,0
2235,1
2233,3
2209,17
2207,8
2207,0
2206,8
2198,3
2194,0
2193,0
2179,3
2178,0
2162,3
2160,20
2160,1
2157,4
2150,0
2143,0
2130,2
2130,1
2128,2
2127,4
2105,3
2099,20
2097,1
2095,3
2078,9
2074,1
2056,1
2052,1
2049,7
2046,0
2041,0
2040,23
2036,0
2036,0
2029,1
2010,0
2008,0
1995,23
1991,2
1985,31
1985,8
1974,0
1971,6
1971,0
1970,17
1970,2
1969,1
1966,1
1954,4
1945,1
1942,25
1930,4
1929,0
1928,0
1925,5
1922,0
1919,2
1914,7
1904,5
1898,4
1897,11
1890,0
1884,3
1883,29
1883,2
1879,1
1875,1
1869,1
1862,22
1858,4
1856,3
1855,3
1854,1
1852,0
1851,6
1847,0
1842,9
1839,13
1836,2
1835,0
1835,0
1834,2
1828,0
1826,0
1825,3
1823,0
1818,1
1815,255
1810,2
1806,7
1803,0
1798,3
1798,3
1797,16
1795,3
1790,0
1787,6
1786,5
1784,0
1778,7
1778,6
1776,2
1774,11
1772,12
1771,22
1769,0
1765,1
1762,1
1761,5
1757,7
1755,0
1753,0
1753,0
1751,1
1746,4
1742,0
1740,2
1737,5
1736,2
1733,7
1730,1
1730,1
1718,30
1717,0
1716,0
1715,18
1713,0
1710,0
1704,0
1700,2
1696,1
1696,0
1694,1
1692,2
1691,1
1690,0
1688,0
1688,0
1684,2
1682,8
1682,3
1680,0
1678,8
1675,7
1670,2
1668,0
1667,0
1661,4
1659,0
1656,27
1655,2
1652,0
1644,1
1643,0
1641,5
1639,18
1639,4
1636,0
1632,0
1631,16
1626,5
1626,1
1623,84
1621,3
1621,0
1614,13
1614,1
1608,2
1606,3
1601,8
1596,0
1594,3
1591,1
1586,2
1579,17
1578,2
1577,0
1572,0
1571,1
1570,2
1570,0
1565,0
1560,15
1560,2
1559,0
1547,90
1546,0
1545,0
1544,1
1542,0
1541,6
1540,7
1539,4
1538,0
1537,9
1533,0
1532,4
1532,2
1532,0
1531,3
1528,1
1523,19
1522,111
1522,5
1515,3
1513,4
1513,3
1512,17
1512,1
1510,6
1509,8
1508,0
1506,1
1504,1
1501,0
1499,0
1498,3
1498,1
1497,0
1496,1
1496,0
1495,0
1495,0
1494,9
1492,19
1487,2
1481,0
1477,0
1477,0
1476,22
1474,20
1474,5
1473,4
1472,1
1472,0
1472,0
1471,10
1471,7
1471,6
1468,2
1466,0
1465,0
1463,0
1461,6
1456,0
1455,0
1453,2
1451,7
1451,3
1450,0
1450,0
1447,0
1441,29
1436,25
1436,2
1434,1
1431,0
1430,6
1429,0
1428,5
1423,1
1422,5
1419,3
1418,12
1415,7
1415,6
1415,1
1410,3
1409,16
1407,0
1405,0
1402,0
1400,14
1400,0
1399,21
1398,4
1397,0
1395,1
1394,11
1393,0
1392,0
1391,54
1391,6
1391,3
1391,1
1390,1
1390,0
1388,2
1387,26
1387,4
1385,0
1380,0
1377,2
1375,7
1375,0
1373,1
1370,4
1370,0
1366,0
1365,0
1364,3
1364,0
1363,1
1363,1
1363,0
1363,0
1361,1
1359,2
1358,1
1357,0
1356,3
1354,3
1352,0
1351,4
1350,0
1349,0
1348,0
1348,0
1347,0
1345,20
1344,1
1343,0
1342,1
1340,0
1336,2
1333,2
1332,1
1332,1
1331,1
1329,0
1329,0
1328,3
1328,0
1327,10
1327,2
1326,8
1326,0
1322,0
1321,0
1319,6
1317,6
1317,2
1317,1
1315,0
1311,6
1310,3
1310,1
1309,12
1309,6
1309,1
1309,0
1306,5
1305,0
1304,4
1303,0
1302,6
1301,7
1300,1
1299,1
1299,0
1298,0
1297,3
1297,2
1296,0
1295,1
1294,3
1293,1
1293,0
1291,3
1291,0
1286,0
1284,0
1284,0
1283,2
1282,10
1282,0
1281,4
1281,0
1280,9
1278,2
1278,1
1278,0
1277,9
1277,0
1276,0
1275,1
1275,0
1273,15
1273,8
1273,3
1272,3
1270,0
1267,1
1266,0
1265,1
1265,0
1264,3
1263,0
1262,0
1261,6
1258,0
1257,2
1256,11
1256,1
1256,0
1256,0
1255,27
1253,10
1253,1
1252,0
1251,10
1251,2
1251,0
1251,0
1246,2
1246,1
1246,0
1243,0
1243,0
1242,0
1240,9
1240,2
1240,0
1237,1
1235,2
1235,0
1235,0
1234,1
1233,4
1231,0
1228,0
1227,4
1225,0
1224,3
1224,0
1223,0
1223,0
1223,0
1220,1
1219,3
1219,0
1218,14
1218,0
1217,5
1216,2
1216,0
1214,3
1214,0
1213,3
1213,1
1213,0
1212,1
1212,0
1212,0
1211,3
1211,0
1210,3
1209,6
1208,7
1207,4
1207,3
1204,2
1204,0
1203,0
1201,1
1200,0
1199,1
1197,14
1197,3
1197,1
1195,1
1194,5
1193,3
1193,3
1192,3
1192,1
1191,15
1191,1
1191,0
1189,0
1188,4
1188,4
1187,4
1187,3
1186,3
1186,1
1185,11
1185,0
1184,0
1184,0
1182,0
1182,0
1180,7
1178,0
1177,4
1177,1
1177,0
1176,2
1176,0
1175,8
1174,0
1173,6
1173,3
1173,0
1172,7
1172,1
1172,0
1171,0
1170,8
1170,1
1169,1
1167,1
1166,4
1166,3
1166,0
1165,4
1165,1
1164,1
1164,0
1163,0
1162,14
1161,4
1159,0
1158,7
1158,6
1158,2
1158,0
1156,0
1155,2
1153,0
1152,1
1151,0
1150,1
1149,2
1149,0
1147,3
1147,2
1146,4
1145,0
1143,2
1142,2
1142,0
1140,5
1140,0
1139,0
1139,0
1138,3
1138,2
1138,0
1136,5
1135,10
1135,0
1134,0
1134,0
1133,9
1132,0
1132,0
1131,10
1131,0
1129,0
1128,6
1128,3
1127,0
1126,0
1122,7
1122,0
1121,2
1120,2
1120,1
1119,128
1119,2
1117,1
1116,1
1115,0
1114,0
1113,1
1110,4
1109,0
1109,0
1107,2
1106,0
1105,0
1105,0
1104,1
1104,0
1103,2
1102,30
1102,2
1102,2
1099,0
1098,7
1098,0
1096,2
1096,0
1095,4
1095,0
1095,0
1094,0
1092,0
1091,3
1090,1
1090,1
1090,0
1090,0
1088,2
1088,0
1088,0
1086,0
1085,5
1085,0
1084,8
1083,0
1083,0
1081,0
1080,12
1080,0
1079,64
1079,4
1079,1
1078,8
1078,0
1075,7
1075,5
1074,11
1074,1
1074,0
1072,3
1071,10
1071,5
1071,0
1070,1
1070,0
1069,29
1068,176
1068,1
1067,44
1067,0
1066,4
1066,3
1066,1
1066,1
1066,0
1065,3
1064,2
1063,13
1063,3
1063,2
1062,3
1062,2
1059,1
1059,0
1059,0
1058,3
1058,0
1056,1
1055,5
1055,0
1054,2
1053,1
1053,0
1053,0
1051,0
1050,10
1050,0
1050,0
1048,22
1048,0
1047,66
1047,0
1046,3
1046,0
1046,0
1046,0
1046,0
1044,6
1044,1
1044,0
1042,0
1041,0
1041,0
1040,0
1039,10
1038,2
1038,1
1036,0
1035,3
1035,2
1032,0
1030,72
1030,36
1029,5
1029,1
1028,3
1027,3
1027,0
1027,0
1026,1
1026,0
1024,50
1023,2
1023,0
1022,0
1021,0
1020,0
1020,0
1020,0
1019,6
1019,0
1018,2
1017,11
1017,4
1017,0
1016,1
1015,4
1015,0
1015,0
1014,8
1014,0
1013,1
1013,1
1012,0
1011,0
1010,3
1009,0
1008,0
1007,29
1006,3
1006,1
1005,2
1005,0
1005,0
1002,2
1002,0
1002,0
1001,2
1000,2
1000,0
999,0
997,3
997,1
995,0
994,18
994,2
994,1
993,0
992,5
991,1
991,1
990,6
990,1
990,1
988,7
987,0
985,0
984,2
984,2
984,0
982,0
981,0
980,0
980,0
979,4
979,0
979,0
978,6
977,0
976,2
975,2
975,1
975,1
975,0
975,0
974,2
974,1
973,0
971,0
970,1
969,3
968,4
968,0
967,2
967,0
966,0
964,3
964,0
964,0
964,0
963,0
962,1
962,0
962,0
962,0
961,14
961,5
960,9
960,3
959,17
959,5
959,0
957,4
957,0
956,0
955,1
955,0
954,0
953,5
953,2
953,1
953,0
952,0
952,0
952,0
951,1
949,41
949,5
949,1
949,0
949,0
948,0
948,0
948,0
948,0
947,3
947,0
946,3
944,5
942,8
942,5
942,1
942,0
942,0
941,4
941,0
940,4
940,3
940,0
939,0
939,0
939,0
938,6
938,0
937,16
937,1
935,5
933,2
933,2
932,0
929,9
929,1
929,0
927,3
927,0
926,59
926,1
926,0
924,5
924,0
924,0
923,10
923,10
922,6
922,1
922,0
921,0
921,0
921,0
920,8
920,1
919,20
919,1
919,0
917,1
916,14
916,0
915,1
914,1
913,1
912,1
912,0
911,1
911,0
910,0
909,1
909,0
908,1
908,0
907,0
906,1
905,3
905,2
905,1
904,4
904,1
904,0
904,0
903,6
903,0
903,0
902,0
901,3
901,2
901,2
901,1
901,0
901,0
901,0
900,7
900,2
899,1
899,0
899,0
898,5
897,0
896,0
895,0
895,0
894,2
894,1
893,6
893,1
893,0
893,0
892,2
892,1
892,1
892,0
892,0
892,0
891,20
891,0
891,0
890,0
889,4
889,2
888,6
888,0
886,4
886,3
886,3
886,1
886,1
885,3
885,0
885,0
885,0
884,1
884,0
883,9
883,1
883,0
883,0
882,1
882,0
882,0
881,2
881,0
880,2
880,1
880,0
880,0
879,33
878,3
878,1
878,1
878,1
878,0
878,0
877,1
877,0
876,0
875,5
875,2
874,0
873,6
873,3
873,1
873,1
873,0
872,3
870,3
869,6
869,0
869,0
869,0
868,4
867,1
867,0
866,19
866,5
866,1
866,0
866,0
865,1
865,0
864,3
864,0
864,0
863,4
863,0
862,0
862,0
862,0
861,4
861,2
861,2
861,1
861,0
861,0
860,3
859,4
859,2
859,0
859,0
858,4
858,4
858,3
858,3
858,0
857,0
857,0
856,16
856,8
856,0
855,5
855,2
855,2
855,1
855,0
854,21
854,2
854,0
853,2
853,1
853,0
852,0
852,0
851,4
851,2
851,0
850,1
850,0
849,2
849,2
849,1
848,6
848,5
848,0
847,1
847,0
847,0
847,0
847,0
847,0
846,3
846,0
846,0
845,1
844,2
844,1
844,1
844,1
844,0
844,0
843,0
843,0
842,5
842,5
841,5
841,1
841,0
841,0
840,11
840,4
840,0
840,0
840,0
840,0
839,8
839,1
839,0
838,2
838,0
838,0
838,0
838,0
837,22
837,1
837,1
836,3
836,1
836,0
835,3
835,0
835,0
834,4
834,2
834,0
834,0
833,0
832,2
832,1
832,0
832,0
832,0
831,3
831,1
831,1
830,2
830,0
830,0
829,1
829,0
828,1
828,0
827,7
827,4
827,2
827,0
826,6
826,0
825,0
825,0
825,0
825,0
825,0
824,2
824,1
824,0
823,1
823,0
823,0
822,1
821,3
821,0
821,0
820,0
819,1
818,1
818,0
817,2
817,1
817,1
816,0
815,2
815,0
815,0
814,3
814,2
814,1
814,0
813,3
813,0
812,0
812,0
811,1
810,0
809,2
809,1
808,2
808,1
808,0
807,8
807,0
806,0
805,7
805,3
805,2
805,0
805,0
804,1
803,13
803,6
803,0
803,0
803,0
802,1
802,0
802,0
802,0
802,0
802,0
801,4
801,3
801,1
800,19
800,4
800,3
800,3
800,0
799,2
799,1
799,0
799,0
799,0
799,0
798,0
798,0
797,1
797,0
796,13
796,1
796,1
796,0
795,0
794,2
794,1
794,1
794,0
793,0
793,0
792,18
792,0
791,65
791,2
791,0
791,0
791,0
790,2
790,2
790,0
790,0
789,4
789,0
789,0
788,3
788,0
786,7
786,3
786,1
785,2
785,2
785,0
784,2
784,1
784,0
783,34
783,0
782,2
782,0
781,4
781,2
781,0
781,0
780,1
780,0
779,0
778,12
778,4
778,0
778,0
778,0
777,4
777,2
777,1
777,0
776,1
776,0
775,8
775,6
775,5
775,0
775,0
775,0
775,0
774,1
773,6
773,0
772,1
772,0
772,0
772,0
771,0
771,0
770,2
770,0
770,0
769,2
769,0
769,0
769,0
769,0
767,0
766,3
766,1
766,1
766,1
765,1
765,0
765,0
764,0
764,0
763,2
763,1
763,0
763,0
763,0
762,6
762,0
762,0
762,0
761,2
761,1
761,1
761,0
760,0
760,0
760,0
759,20
759,18
759,2
759,0
759,0
758,6
758,0
757,1
757,0
756,3
756,3
756,1
756,0
755,34
755,3
754,6
754,0
754,0
753,4
753,2
753,0
753,0
752,3
752,1
752,0
752,0
751,3
751,1
751,0
750,47
750,0
750,0
748,4
748,3
748,2
748,0
748,0
748,0
748,0
747,27
747,2
747,0
747,0
747,0
746,1
746,0
745,3
745,0
744,1
743,12
743,0
743,0
742,2
742,2
742,0
742,0
741,5
741,5
741,0
740,1
740,0
740,0
740,0
739,2
739,0
739,0
738,0
738,0
737,0
736,8
736,2
736,0
736,0
736,0
735,2
735,1
735,0
735,0
734,2
734,2
734,1
734,0
733,0
733,0
732,39
732,1
732,0
731,0
730,4
730,0
729,1
729,0
729,0
728,6
728,5
728,2
728,0
727,10
727,8
727,5
727,0
726,1
725,1
725,1
725,0
725,0
725,0
724,6
724,3
724,1
724,0
724,0
724,0
724,0
724,0
724,0
723,1
723,1
723,0
723,0
723,0
723,0
723,0
722,3
722,2
721,0
721,0
721,0
721,0
720,4
720,1
720,1
720,1
719,0
718,1
718,0
718,0
718,0
718,0
717,3
717,2
717,0
717,0
716,2
716,0
716,0
715,4
715,2
715,0
714,0
713,2
713,2
713,0
713,0
713,0
713,0
713,0
712,4
712,4
712,3
712,1
712,0
711,2
711,0
711,0
711,0
710,3
710,3
710,1
709,13
709,0
709,0
708,13
708,0
708,0
707,2
707,0
706,3
706,2
706,1
705,5
705,0
705,0
704,8
704,5
704,1
704,0
704,0
703,12
703,0
703,0
702,3
702,2
702,1
702,1
702,1
702,0
702,0
702,0
702,0
701,3
701,0
700,6
700,0
699,0
698,4
698,1
698,1
698,0
697,3
697,0
697,0
697,0
697,0
696,0
696,0
695,0
694,0
694,0
694,0
694,0
693,1
693,0
693,0
693,0
692,3
692,3
692,1
692,0
692,0
692,0
692,0
691,4
691,1
690,0
689,3
689,0
689,0
688,0
688,0
687,0
686,0
686,0
684,19
684,12
684,2
684,1
684,0
684,0
684,0
683,5
683,5
683,1
683,0
683,0
682,1
681,0
680,3
680,2
679,5
679,0
679,0
679,0
679,0
679,0
678,3
678,0
678,0
677,0
676,2
676,1
676,1
676,1
676,0
676,0
675,0
674,1
674,0
674,0
673,2
673,1
673,0
672,7
672,3
672,0
672,0
672,0
672,0
672,0
672,0
672,0
672,0
671,1
670,4
670,2
670,1
670,0
670,0
670,0
670,0
670,0
669,7
669,0
669,0
669,0
668,1
668,0
668,0
668,0
668,0
667,3
667,0
666,4
666,1
666,0
666,0
665,3
665,0
663,1
663,0
663,0
662,1
662,1
662,0
662,0
661,14
661,0
661,0
661,0
660,3
660,2
660,0
659,2
659,0
659,0
659,0
658,3
658,0
658,0
657,0
657,0
657,0
657,0
656,1
656,0
655,3
655,1
655,0
654,10
654,0
654,0
653,3
653,2
653,2
653,1
653,1
653,0
653,0
653,0
652,2
652,2
651,6
651,3
651,0
650,18
650,5
650,1
650,0
649,1
649,1
649,0
649,0
649,0
649,0
648,0
647,41
647,1
646,1
646,0
646,0
646,0
646,0
646,0
645,1
645,1
645,0
645,0
644,10
644,2
644,1
644,0
644,0
643,3
643,1
643,0
642,2
642,1
642,0
642,0
641,1
641,0
641,0
641,0
640,1
640,0
640,0
640,0
639,5
639,1
639,0
639,0
639,0
639,0
639,0
638,3
638,2
638,1
638,1
637,0
637,0
637,0
637,0
637,0
636,4
636,3
636,1
636,0
636,0
636,0
636,0
635,8
635,3
635,1
635,1
635,1
635,0
634,10
634,4
634,3
634,1
634,0
634,0
634,0
634,0
633,23
633,3
633,0
633,0
632,5
632,4
632,3
632,3
632,1
632,0
632,0
632,0
632,0
632,0
632,0
632,0
632,0
631,4
631,4
631,2
631,0
630,1
630,1
630,0
630,0
630,0
630,0
629,3
629,3
629,1
629,1
629,1
629,0
629,0
628,1
628,0
627,1
627,0
627,0
626,5
626,4
626,3
626,2
626,1
626,0
626,0
625,16
625,6
625,0
625,0
624,2
624,2
624,0
624,0
624,0
624,0
624,0
623,1
623,0
623,0
623,0
622,11
622,0
622,0
622,0
621,2
621,1
621,1
621,1
621,0
620,2
620,0
620,0
619,2
619,1
619,0
619,0
618,3
618,2
618,1
618,0
618,0
617,3
617,1
617,0
617,0
617,0
617,0
617,0
616,7
616,4
616,3
616,2
616,0
616,0
615,0
615,0
615,0
615,0
615,0
614,1
614,1
614,0
613,14
613,3
613,0
613,0
612,21
612,1
612,1
612,0
612,0
611,4
611,4
610,2
610,1
610,0
609,4
609,1
609,0
609,0
609,0
609,0
608,5
608,1
608,1
608,0
607,4
607,1
607,0
606,0
606,0
605,3
605,0
605,0
605,0
605,0
604,2
604,2
604,0
604,0
604,0
603,9
603,1
603,0
603,0
603,0
602,1
602,0
602,0
602,0
601,2
601,1
601,0
601,0
600,5
600,3
600,2
600,0
600,0
599,4
599,1
599,0
598,22
598,8
598,1
598,0
598,0
597,1
597,1
596,1
596,0
596,0
596,0
596,0
595,5
595,5
595,3
595,1
595,0
595,0
595,0
594,3
594,1
594,1
594,0
594,0
594,0
594,0
594,0
594,0
593,4
593,1
592,5
592,0
592,0
591,48
591,5
591,1
591,1
590,2
590,2
590,1
590,0
590,0
590,0
589,3
589,3
589,0
589,0
588,4
588,0
588,0
588,0
587,4
587,4
587,1
587,1
587,0
587,0
586,1
586,0
586,0
585,2
585,0
584,9
584,3
584,1
584,0
584,0
584,0
584,0
583,16
583,1
583,0
583,0
583,0
583,0
582,16
582,4
582,1
582,0
581,4
581,1
580,2
580,1
580,1
580,1
580,1
580,1
580,0
580,0
579,6
579,5
579,1
579,0
579,0
578,1
578,0
577,2
577,1
577,0
577,0
576,0
576,0
576,0
576,0
575,5
575,1
575,0
575,0
574,1
573,18
573,7
573,1
573,0
573,0
573,0
573,0
572,6
572,3
572,3
572,1
572,0
572,0
572,0
572,0
571,11
571,6
571,3
571,2
571,1
571,1
571,0
571,0
570,1
570,0
570,0
570,0
570,0
570,0
570,0
569,2
569,1
569,1
569,1
569,0
569,0
569,0
569,0
568,5
568,2
568,1
568,1
568,0
568,0
568,0
567,4
567,3
567,2
567,2
567,1
567,1
567,1
567,0
566,9
566,0
566,0
565,10
565,0
565,0
565,0
565,0
565,0
565,0
564,2
564,1
564,0
564,0
564,0
563,21
563,0
563,0
563,0
563,0
563,0
562,1
562,0
562,0
562,0
562,0
562,0
562,0
561,6
561,2
561,2
561,1
561,0
561,0
561,0
560,17
560,5
560,4
560,1
560,0
560,0
560,0
560,0
559,1
559,0
559,0
559,0
559,0
559,0
559,0
559,0
558,2
558,1
558,1
558,1
558,1
558,0
557,2
557,1
557,0
557,0
557,0
556,3
556,1
556,0
556,0
556,0
555,1
555,0
555,0
555,0
555,0
555,0
554,3
554,3
554,1
554,0
554,0
553,2
553,1
553,1
553,0
553,0
553,0
552,39
552,3
552,1
552,1
552,0
552,0
552,0
552,0
552,0
551,2
551,0
551,0
550,3
550,1
550,1
550,0
550,0
550,0
549,1
549,0
549,0
549,0
548,2
548,2
548,0
548,0
548,0
547,2
547,0
545,10
545,3
545,2
545,1
545,1
545,1
545,0
545,0
545,0
545,0
545,0
544,1
544,1
544,0
544,0
544,0
544,0
544,0
544,0
544,0
543,1
543,0
543,0
543,0
542,3
541,3
541,3
541,1
541,1
541,0
541,0
540,0
540,0
539,14
539,2
539,0
539,0
539,0
539,0
539,0
538,8
538,1
538,1
538,1
538,0
538,0
538,0
537,3
537,1
537,1
537,1
537,1
537,0
537,0
537,0
537,0
537,0
536,3
536,1
536,0
536,0
536,0
536,0
536,0
535,1
535,0
535,0
535,0
535,0
535,0
534,15
534,3
534,2
533,4
533,2
533,0
533,0
533,0
533,0
533,0
532,7
532,2
532,1
532,0
531,16
531,1
531,0
531,0
531,0
531,0
530,2
530,0
529,4
529,2
529,1
529,1
529,0
529,0
529,0
528,3
528,2
528,1
528,1
528,0
528,0
528,0
527,2
527,2
527,1
527,0
527,0
527,0
527,0
527,0
526,1
525,4
525,1
525,1
525,1
525,0
525,0
524,2
524,1
524,0
524,0
524,0
524,0
524,0
524,0
524,0
523,2
523,2
523,1
523,1
523,0
523,0
523,0
523,0
522,5
522,0
522,0
522,0
522,0
522,0
522,0
522,0
522,0
522,0
521,0
521,0
521,0
521,0
521,0
521,0
521,0
520,10
520,4
520,3
520,0
520,0
520,0
520,0
519,2
519,0
519,0
518,1
518,0
518,0
517,3
517,0
517,0
517,0
517,0
517,0
516,10
516,2
516,1
516,0
516,0
516,0
515,0
515,0
515,0
514,21
514,6
514,1
514,0
514,0
514,0
514,0
514,0
513,3
513,2
513,1
513,0
513,0
513,0
513,0
512,3
512,2
512,0
512,0
512,0
512,0
512,0
511,2
511,1
511,0
511,0
511,0
510,10
510,3
510,0
509,3
509,1
509,0
509,0
509,0
509,0
508,1
508,1
508,1
508,0
508,0
508,0
508,0
508,0
508,0
507,1
507,1
507,0
507,0
507,0
507,0
507,0
507,0
507,0
506,4
506,4
506,1
506,1
506,0
506,0
506,0
506,0
506,0
505,1
505,1
505,1
505,1
505,1
505,0
505,0
505,0
504,1
504,0
504,0
504,0
504,0
504,0
503,3
503,1
503,1
503,0
503,0
503,0
503,0
503,0
502,6
502,3
502,2
502,2
502,1
502,0
502,0
502,0
501,4
501,0
501,0
501,0
500,3
500,2
500,2
500,1
500,1
500,0
500,0
499,0
499,0
499,0
498,3
498,1
498,0
498,0
498,0
498,0
498,0
497,3
497,1
497,1
497,0
497,0
497,0
496,4
496,3
496,2
496,2
496,1
496,0
496,0
496,0
496,0
495,3
495,1
495,1
495,1
495,0
495,0
495,0
494,1
494,0
494,0
494,0
494,0
494,0
494,0
493,2
493,0
493,0
492,1
492,0
492,0
492,0
492,0
492,0
491,3
491,1
491,1
491,0
491,0
491,0
491,0
490,6
490,4
490,3
490,2
490,0
490,0
490,0
490,0
489,1
489,1
489,1
489,0
489,0
489,0
489,0
489,0
489,0
489,0
488,3
488,2
488,1
488,0
488,0
488,0
488,0
487,3
487,1
487,1
487,1
487,0
487,0
487,0
486,1
486,1
486,0
486,0
486,0
486,0
486,0
485,2
485,1
485,0
485,0
485,0
485,0
485,0
485,0
485,0
484,0
484,0
484,0
483,2
483,1
483,1
483,1
482,2
482,1
482,0
482,0
482,0
482,0
482,0
482,0
482,0
482,0
481,2
481,2
481,1
481,1
481,0
481,0
481,0
481,0
481,0
481,0
480,2
480,1
480,1
480,0
480,0
480,0
480,0
479,8
479,3
479,2
479,1
479,1
479,0
479,0
479,0
479,0
478,3
478,0
478,0
478,0
478,0
478,0
478,0
477,4
477,4
477,1
477,1
477,0
477,0
477,0
477,0
477,0
477,0
477,0
477,0
476,15
476,3
476,3
476,2
476,2
476,2
476,0
476,0
476,0
476,0
476,0
476,0
476,0
475,1
475,1
475,0
475,0
474,0
474,0
474,0
474,0
474,0
474,0
473,4
473,0
473,0
473,0
473,0
473,0
472,1
472,1
472,0
472,0
472,0
472,0
472,0
472,0
471,3
471,2
471,1
471,0
471,0
471,0
471,0
471,0
470,1
470,0
470,0
469,0
469,0
469,0
469,0
469,0
469,0
469,0
469,0
468,4
468,0
468,0
468,0
468,0
467,8
467,6
467,4
467,2
467,2
467,1
467,0
467,0
466,1
466,1
466,0
466,0
466,0
466,0
466,0
465,4
465,2
465,1
465,1
465,1
465,1
465,0
465,0
465,0
465,0
464,2
464,2
464,0
464,0
464,0
463,1
463,0
463,0
463,0
463,0
463,0
463,0
463,0
463,0
463,0
463,0
462,17
462,4
462,2
462,2
462,0
462,0
462,0
462,0
462,0
461,0
461,0
461,0
461,0
461,0
461,0
460,8
460,1
460,0
460,0
460,0
460,0
459,3
459,3
459,3
459,2
459,1
459,0
459,0
459,0
459,0
458,4
458,1
458,0
458,0
458,0
458,0
458,0
458,0
457,1
457,1
457,1
457,0
457,0
457,0
457,0
456,1
456,0
456,0
456,0
456,0
455,4
455,2
455,0
455,0
455,0
454,1
454,1
454,0
454,0
453,2
453,1
453,0
453,0
453,0
453,0
453,0
452,5
452,4
452,2
452,1
452,1
452,0
452,0
452,0
452,0
452,0
452,0
452,0
452,0
452,0
452,0
451,3
451,2
451,0
451,0
450,2
450,1
450,1
450,1
450,0
450,0
450,0
450,0
449,2
449,1
449,1
449,0
449,0
449,0
449,0
449,0
449,0
449,0
448,4
448,1
448,0
448,0
448,0
448,0
448,0
448,0
447,4
447,1
447,0
447,0
447,0
447,0
446,3
446,2
446,0
446,0
445,1
445,0
445,0
445,0
445,0
445,0
445,0
445,0
445,0
444,1
444,0
444,0
444,0
443,3
443,3
443,1
443,0
443,0
443,0
443,0
443,0
443,0
443,0
443,0
443,0
443,0
442,3
442,2
442,1
442,1
442,1
442,1
442,0
442,0
442,0
442,0
442,0
441,18
441,10
441,2
441,0
441,0
441,0
441,0
441,0
441,0
440,2
440,2
440,0
440,0
440,0
440,0
440,0
440,0
439,3
439,3
439,1
439,1
439,0
439,0
439,0
439,0
439,0
439,0
439,0
438,29
438,3
438,3
438,2
438,1
438,0
437,2
437,1
437,1
437,1
437,1
437,0
437,0
437,0
436,3
436,3
436,3
436,1
436,0
436,0
435,13
435,4
435,3
435,1
435,0
435,0
435,0
435,0
435,0
435,0
435,0
434,2
434,2
434,1
434,0
434,0
434,0
434,0
434,0
434,0
434,0
433,2
433,2
433,2
433,0
433,0
433,0
433,0
432,4
432,3
432,2
432,0
432,0
432,0
432,0
432,0
432,0
431,1
431,0
431,0
431,0
431,0
431,0
430,7
430,1
430,0
430,0
430,0
430,0
430,0
430,0
429,5
429,3
429,1
429,0
429,0
429,0
429,0
429,0
428,7
428,1
428,1
428,0
428,0
428,0
428,0
428,0
428,0
427,3
427,2
427,1
427,0
427,0
427,0
427,0
427,0
427,0
426,2
426,2
426,1
426,1
426,1
426,0
426,0
426,0
426,0
426,0
426,0
426,0
425,2
425,1
425,1
425,0
425,0
425,0
425,0
425,0
425,0
424,1
424,0
423,3
423,3
423,2
423,1
423,1
423,0
423,0
423,0
423,0
423,0
423,0
423,0
423,0
422,2
422,1
422,1
422,0
422,0
422,0
422,0
422,0
422,0
422,0
421,8
421,3
421,2
421,1
421,1
421,0
421,0
421,0
421,0
421,0
421,0
420,8
420,3
420,2
420,2
420,1
420,1
420,0
420,0
420,0
420,0
420,0
420,0
419,34
419,4
419,3
419,2
419,2
419,1
419,0
419,0
419,0
419,0
419,0
419,0
418,4
418,1
418,1
418,1
418,0
418,0
418,0
418,0
418,0
417,2
417,1
417,0
417,0
417,0
417,0
416,6
416,2
416,1
416,1
416,1
416,0
416,0
416,0
416,0
416,0
416,0
415,13
415,1
415,1
415,0
415,0
415,0
414,1
414,1
414,0
414,0
414,0
414,0
414,0
414,0
414,0
413,4
413,4
413,0
413,0
413,0
413,0
413,0
412,2
412,2
412,1
412,1
412,0
412,0
412,0
412,0
412,0
411,4
411,2
411,1
411,0
411,0
411,0
411,0
411,0
411,0
411,0
411,0
411,0
411,0
411,0
410,4
410,2
410,0
410,0
410,0
410,0
410,0
410,0
410,0
409,1
409,0
409,0
409,0
409,0
409,0
409,0
409,0
409,0
408,3
408,2
408,2
408,1
408,1
408,1
408,0
408,0
408,0
408,0
407,23
407,4
407,4
407,1
407,1
407,1
407,0
407,0
407,0
406,3
406,2
406,1
406,1
406,1
406,1
406,0
406,0
406,0
406,0
406,0
406,0
406,0
406,0
405,5
405,1
405,0
405,0
404,5
404,4
404,1
404,0
404,0
403,0
403,0
403,0
403,0
403,0
403,0
402,7
402,4
402,2
402,1
402,1
402,0
402,0
402,0
402,0
402,0
402,0
402,0
402,0
402,0
402,0
402,0
402,0
402,0
401,7
401,4
401,4
401,1
401,0
401,0
401,0
401,0
401,0
401,0
401,0
401,0
401,0
400,2
400,1
400,0
400,0
400,0
400,0
400,0
399,6
399,5
399,0
399,0
399,0
399,0
399,0
399,0
399,0
398,2
398,1
398,0
398,0
398,0
398,0
398,0
398,0
398,0
397,11
397,4
397,3
397,1
397,1
397,0
397,0
397,0
397,0
397,0
396,15
396,1
396,1
396,0
396,0
396,0
396,0
396,0
396,0
396,0
396,0
395,2
395,1
395,0
395,0
395,0
394,7
394,2
394,2
394,2
394,1
394,1
394,0
394,0
394,0
394,0
394,0
393,9
393,1
393,1
393,1
393,0
393,0
393,0
393,0
393,0
392,18
392,2
392,2
392,0
392,0
392,0
392,0
392,0
392,0
391,3
391,0
391,0
391,0
391,0
390,3
390,1
390,1
390,1
390,1
390,0
390,0
390,0
389,3
389,0
389,0
389,0
389,0
389,0
389,0
389,0
389,0
389,0
389,0
388,6
388,3
388,3
388,2
388,0
388,0
388,0
388,0
388,0
388,0
388,0
388,0
387,4
387,4
387,1
387,0
387,0
387,0
387,0
387,0
387,0
387,0
387,0
387,0
386,6
386,2
386,0
386,0
386,0
386,0
386,0
385,6
385,3
385,2
385,1
385,0
385,0
385,0
385,0
385,0
384,2
384,1
384,0
384,0
384,0
384,0
384,0
384,0
383,2
383,1
383,0
383,0
383,0
383,0
383,0
383,0
382,3
382,3
382,3
382,1
382,1
382,1
382,0
382,0
382,0
381,2
381,2
381,0
381,0
381,0
381,0
380,33
380,7
380,1
380,1
380,1
380,0
380,0
380,0
380,0
380,0
379,1
379,0
379,0
379,0
379,0
379,0
379,0
378,2
378,1
378,0
378,0
378,0
377,5
377,3
377,2
377,1
377,0
377,0
377,0
377,0
377,0
376,2
376,1
376,1
376,0
376,0
376,0
376,0
376,0
376,0
376,0
376,0
376,0
376,0
375,5
375,1
375,0
375,0
374,8
374,1
374,0
374,0
374,0
374,0
374,0
374,0
374,0
373,1
373,0
373,0
373,0
373,0
373,0
373,0
372,3
372,3
372,0
372,0
372,0
372,0
371,4
371,4
371,2
371,1
371,0
371,0
371,0
371,0
371,0
371,0
371,0
370,7
370,3
370,2
370,1
370,0
370,0
370,0
370,0
370,0
370,0
370,0
370,0
370,0
369,14
369,5
369,4
369,1
369,0
369,0
369,0
369,0
369,0
369,0
368,2
368,1
368,0
368,0
368,0
368,0
368,0
367,4
367,1
367,0
367,0
367,0
367,0
367,0
367,0
366,2
366,2
366,1
366,0
366,0
366,0
365,10
365,2
365,2
365,0
365,0
365,0
365,0
365,0
364,5
364,1
364,0
364,0
364,0
364,0
364,0
363,3
363,1
363,1
363,0
363,0
363,0
363,0
363,0
363,0
363,0
363,0
362,4
362,1
362,0
362,0
362,0
362,0
361,1
361,0
361,0
361,0
361,0
360,2
360,1
360,1
360,0
360,0
360,0
360,0
360,0
360,0
359,2
359,2
359,2
359,1
359,0
359,0
359,0
359,0
359,0
358,4
358,4
358,3
358,1
358,1
358,1
358,1
358,0
358,0
358,0
358,0
358,0
358,0
358,0
357,2
357,1
357,1
357,1
357,0
357,0
357,0
357,0
357,0
357,0
357,0
357,0
356,4
356,2
356,2
356,0
356,0
356,0
356,0
356,0
356,0
356,0
356,0
355,1
355,1
355,1
355,0
355,0
355,0
355,0
355,0
355,0
355,0
355,0
354,3
354,0
354,0
354,0
354,0
354,0
354,0
354,0
354,0
353,1
353,1
353,1
353,0
353,0
353,0
353,0
353,0
353,0
352,3
352,3
352,3
352,2
352,0
352,0
352,0
352,0
352,0
352,0
352,0
351,9
351,5
351,2
351,1
351,1
351,0
351,0
351,0
351,0
351,0
351,0
351,0
351,0
351,0
351,0
350,3
350,2
350,2
350,2
350,1
350,0
350,0
350,0
350,0
349,1
349,1
349,1
349,0
349,0
349,0
349,0
349,0
349,0
349,0
348,16
348,3
348,3
348,3
348,1
348,1
348,1
348,0
348,0
348,0
348,0
348,0
348,0
348,0
347,1
347,0
347,0
347,0
347,0
347,0
347,0
347,0
347,0
347,0
347,0
347,0
347,0
347,0
347,0
346,1
346,1
346,1
346,1
346,0
346,0
346,0
346,0
346,0
346,0
346,0
346,0
346,0
345,6
345,1
345,1
345,0
345,0
345,0
345,0
345,0
345,0
344,3
344,2
344,1
344,1
344,0
344,0
344,0
343,2
343,1
343,0
343,0
343,0
343,0
343,0
343,0
343,0
343,0
342,2
342,2
342,2
342,1
342,1
342,1
342,0
342,0
342,0
342,0
342,0
342,0
342,0
342,0
341,1
341,0
341,0
341,0
341,0
341,0
341,0
341,0
341,0
341,0
341,0
340,2
340,1
340,1
340,1
340,0
340,0
340,0
340,0
340,0
340,0
340,0
340,0
340,0
339,1
339,0
339,0
339,0
339,0
339,0
339,0
339,0
339,0
339,0
339,0
338,1
338,0
338,0
338,0
338,0
338,0
338,0
337,1
337,0
337,0
337,0
337,0
337,0
337,0
336,5
336,0
336,0
336,0
336,0
336,0
336,0
336,0
335,3
335,3
335,2
335,1
335,1
335,1
335,1
335,0
335,0
335,0
335,0
334,4
334,2
334,1
334,1
334,0
334,0
334,0
334,0
334,0
333,5
333,1
333,0
333,0
333,0
333,0
333,0
333,0
332,3
332,1
332,0
332,0
332,0
332,0
332,0
332,0
332,0
332,0
332,0
332,0
331,2
331,2
331,1
331,1
331,1
331,1
331,0
331,0
331,0
331,0
331,0
331,0
331,0
331,0
331,0
331,0
330,1
330,0
330,0
330,0
330,0
330,0
330,0
330,0
330,0
330,0
330,0
329,1
329,1
329,0
329,0
329,0
329,0
329,0
328,4
328,3
328,0
328,0
328,0
328,0
328,0
328,0
328,0
327,2
327,2
327,1
327,1
327,0
327,0
327,0
327,0
326,6
326,1
326,1
326,1
326,1
326,1
326,0
326,0
326,0
326,0
326,0
326,0
326,0
326,0
326,0
326,0
326,0
325,2
325,1
325,0
325,0
325,0
325,0
325,0
325,0
325,0
325,0
325,0
325,0
324,2
324,2
324,2
324,0
324,0
324,0
324,0
324,0
324,0
324,0
324,0
324,0
324,0
323,4
323,2
323,2
323,0
323,0
323,0
323,0
323,0
323,0
322,3
322,2
322,2
322,2
322,1
322,1
322,1
322,0
322,0
322,0
322,0
322,0
322,0
321,1
321,1
321,0
321,0
321,0
321,0
321,0
321,0
320,9
320,3
320,2
320,1
320,1
320,0
320,0
320,0
320,0
320,0
320,0
319,1
319,0
319,0
319,0
319,0
318,2
318,2
318,1
318,1
318,0
318,0
318,0
318,0
318,0
318,0
318,0
318,0
318,0
318,0
318,0
317,1
317,1
317,1
317,1
317,1
317,0
317,0
317,0
317,0
317,0
317,0
317,0
317,0
316,1
316,1
316,0
316,0
316,0
316,0
316,0
316,0
316,0
316,0
316,0
316,0
315,5
315,2
315,1
315,1
315,0
315,0
315,0
315,0
315,0
314,2
314,2
314,2
314,1
314,0
314,0
314,0
314,0
314,0
314,0
314,0
314,0
314,0
314,0
314,0
313,2
313,1
313,0
313,0
313,0
313,0
313,0
313,0
312,2
312,2
312,2
312,1
312,1
312,0
312,0
312,0
312,0
312,0
312,0
312,0
312,0
312,0
312,0
311,2
311,1
311,1
311,1
311,1
311,0
311,0
311,0
311,0
311,0
311,0
311,0
311,0
311,0
311,0
311,0
311,0
310,1
310,1
310,0
310,0
310,0
310,0
310,0
310,0
310,0
309,5
309,1
309,0
309,0
309,0
309,0
309,0
309,0
309,0
308,2
308,2
308,1
308,1
308,1
308,1
308,0
308,0
308,0
308,0
308,0
308,0
308,0
308,0
307,7
307,2
307,0
307,0
307,0
307,0
307,0
307,0
307,0
307,0
307,0
306,0
306,0
306,0
306,0
306,0
306,0
306,0
305,2
305,0
305,0
305,0
305,0
305,0
305,0
305,0
305,0
304,4
304,3
304,1
304,0
304,0
304,0
304,0
304,0
304,0
304,0
304,0
304,0
304,0
304,0
304,0
304,0
303,7
303,4
303,2
303,1
303,0
303,0
303,0
303,0
303,0
303,0
303,0
303,0
302,2
302,0
302,0
302,0
302,0
302,0
302,0
301,22
301,5
301,1
301,0
301,0
301,0
301,0
301,0
301,0
301,0
300,9
300,4
300,3
300,2
300,2
300,1
300,0
300,0
300,0
300,0
300,0
300,0
300,0
300,0
300,0
299,5
299,3
299,2
299,1
299,1
299,0
299,0
299,0
299,0
299,0
299,0
299,0
299,0
299,0
298,13
298,2
298,1
298,0
298,0
298,0
298,0
298,0
298,0
297,3
297,2
297,0
297,0
297,0
297,0
297,0
297,0
297,0
297,0
297,0
297,0
297,0
296,1
296,0
296,0
296,0
296,0
296,0
296,0
296,0
296,0
295,8
295,3
295,2
295,2
295,1
295,0
295,0
295,0
295,0
295,0
295,0
294,3
294,1
294,0
294,0
294,0
294,0
294,0
294,0
294,0
294,0
294,0
294,0
293,5
293,1
293,1
293,1
293,0
293,0
293,0
293,0
293,0
293,0
292,3
292,1
292,1
292,1
292,1
292,0
292,0
292,0
292,0
292,0
292,0
292,0
291,3
291,2
291,1
291,1
291,0
291,0
291,0
291,0
291,0
291,0
291,0
290,24
290,6
290,1
290,0
290,0
290,0
290,0
290,0
290,0
290,0
290,0
290,0
290,0
290,0
289,4
289,1
289,1
289,1
289,0
289,0
289,0
289,0
289,0
289,0
289,0
289,0
288,3
288,2
288,1
288,1
288,0
288,0
288,0
288,0
288,0
288,0
287,2
287,1
287,1
287,1
287,0
287,0
287,0
287,0
287,0
287,0
287,0
287,0
287,0
287,0
287,0
287,0
287,0
287,0
287,0
287,0
287,0
286,3
286,3
286,1
286,1
286,1
286,0
286,0
286,0
286,0
286,0
286,0
286,0
286,0
286,0
286,0
286,0
286,0
286,0
286,0
286,0
286,0
286,0
285,1
285,1
285,0
285,0
285,0
285,0
285,0
285,0
285,0
285,0
285,0
285,0
284,2
284,2
284,2
284,1
284,0
284,0
284,0
284,0
284,0
284,0
284,0
284,0
283,22
283,6
283,2
283,0
283,0
283,0
283,0
283,0
283,0
283,0
283,0
283,0
282,3
282,2
282,1
282,1
282,1
282,0
282,0
282,0
282,0
282,0
282,0
282,0
282,0
281,4
281,3
281,1
281,1
281,0
281,0
281,0
281,0
281,0
281,0
281,0
281,0
281,0
281,0
281,0
280,3
280,2
280,2
280,2
280,1
280,1
280,1
280,0
280,0
280,0
280,0
280,0
280,0
280,0
280,0
280,0
280,0
280,0
280,0
280,0
279,2
279,1
279,1
279,0
279,0
279,0
279,0
279,0
279,0
279,0
279,0
279,0
278,1
278,1
278,1
278,0
278,0
278,0
278,0
278,0
278,0
278,0
278,0
278,0
278,0
277,8
277,1
277,1
277,1
277,1
277,0
277,0
277,0
277,0
276,6
276,3
276,3
276,1
276,1
276,1
276,0
276,0
276,0
276,0
276,0
276,0
276,0
276,0
276,0
275,1
275,1
275,1
275,0
275,0
275,0
275,0
275,0
275,0
274,1
274,1
274,0
274,0
274,0
274,0
274,0
274,0
274,0
274,0
274,0
274,0
274,0
274,0
274,0
273,5
273,2
273,1
273,1
273,0
273,0
273,0
273,0
273,0
273,0
273,0
273,0
273,0
273,0
273,0
273,0
273,0
272,2
272,1
272,0
272,0
272,0
272,0
272,0
272,0
272,0
272,0
272,0
272,0
272,0
272,0
272,0
272,0
271,0
271,0
271,0
271,0
271,0
271,0
271,0
271,0
271,0
271,0
270,1
270,1
270,1
270,0
270,0
270,0
270,0
270,0
270,0
270,0
269,2
269,1
269,0
269,0
269,0
269,0
269,0
269,0
269,0
269,0
268,9
268,4
268,1
268,1
268,1
268,1
268,0
268,0
268,0
268,0
268,0
268,0
268,0
268,0
268,0
268,0
267,7
267,4
267,2
267,1
267,1
267,1
267,0
267,0
267,0
267,0
267,0
267,0
267,0
266,1
266,1
266,0
266,0
266,0
266,0
266,0
266,0
266,0
265,33
265,1
265,1
265,1
265,1
265,0
265,0
265,0
265,0
265,0
265,0
265,0
265,0
264,1
264,1
264,0
264,0
264,0
264,0
264,0
263,6
263,2
263,2
263,1
263,1
263,0
263,0
263,0
263,0
263,0
263,0
263,0
262,3
262,1
262,0
262,0
262,0
262,0
262,0
262,0
262,0
262,0
261,3
261,3
261,2
261,1
261,1
261,1
261,1
261,0
261,0
261,0
261,0
261,0
261,0
261,0
261,0
261,0
261,0
260,1
260,1
260,0
260,0
260,0
260,0
260,0
260,0
260,0
260,0
259,5
259,0
259,0
259,0
259,0
259,0
259,0
259,0
259,0
259,0
259,0
259,0
258,3
258,1
258,0
258,0
258,0
258,0
258,0
258,0
258,0
258,0
257,0
257,0
257,0
257,0
257,0
257,0
257,0
257,0
257,0
257,0
257,0
256,9
256,1
256,0
256,0
256,0
256,0
256,0
256,0
256,0
256,0
256,0
256,0
256,0
256,0
256,0
255,4
255,0
255,0
255,0
255,0
255,0
255,0
255,0
255,0
254,8
254,2
254,1
254,1
254,1
254,0
254,0
254,0
254,0
254,0
254,0
254,0
254,0
254,0
253,2
253,1
253,1
253,0
253,0
253,0
253,0
253,0
253,0
253,0
252,2
252,1
252,0
252,0
252,0
252,0
252,0
252,0
252,0
252,0
252,0
252,0
252,0
251,4
251,3
251,1
251,1
251,1
251,0
251,0
251,0
251,0
251,0
251,0
250,2
250,2
250,1
250,1
250,0
250,0
250,0
250,0
250,0
250,0
250,0
249,2
249,2
249,1
249,1
249,1
249,0
249,0
249,0
249,0
249,0
249,0
249,0
249,0
248,3
248,3
248,2
248,1
248,0
248,0
248,0
248,0
248,0
248,0
248,0
248,0
248,0
248,0
247,6
247,1
247,1
247,0
247,0
247,0
247,0
247,0
247,0
247,0
246,3
246,3
246,1
246,0
246,0
246,0
246,0
246,0
246,0
246,0
246,0
246,0
246,0
246,0
245,5
245,2
245,1
245,0
245,0
245,0
245,0
245,0
245,0
245,0
244,4
244,2
244,1
244,0
244,0
244,0
244,0
244,0
244,0
244,0
243,3
243,2
243,1
243,1
243,1
243,0
243,0
243,0
243,0
243,0
243,0
243,0
243,0
243,0
243,0
243,0
243,0
242,3
242,3
242,1
242,1
242,1
242,1
242,0
242,0
242,0
242,0
242,0
242,0
242,0
242,0
242,0
242,0
241,1
241,1
241,0
241,0
241,0
241,0
241,0
241,0
241,0
241,0
241,0
241,0
240,1
240,1
240,1
240,1
240,0
240,0
240,0
240,0
240,0
240,0
240,0
240,0
240,0
240,0
240,0
240,0
239,3
239,2
239,2
239,0
239,0
239,0
239,0
239,0
239,0
239,0
239,0
238,1
238,1
238,0
238,0
238,0
238,0
238,0
238,0
238,0
238,0
237,7
237,2
237,1
237,1
237,0
237,0
237,0
237,0
237,0
237,0
237,0
237,0
237,0
237,0
237,0
237,0
237,0
237,0
236,3
236,3
236,1
236,1
236,0
236,0
236,0
236,0
236,0
236,0
236,0
236,0
236,0
236,0
236,0
236,0
235,0
235,0
235,0
235,0
235,0
235,0
235,0
235,0
235,0
235,0
235,0
235,0
234,1
234,1
234,1
234,1
234,0
234,0
234,0
234,0
234,0
234,0
234,0
234,0
234,0
233,1
233,0
233,0
233,0
233,0
233,0
233,0
233,0
233,0
233,0
233,0
233,0
233,0
233,0
232,2
232,1
232,1
232,1
232,0
232,0
232,0
232,0
232,0
232,0
232,0
232,0
232,0
231,2
231,2
231,1
231,1
231,1
231,1
231,0
231,0
231,0
231,0
231,0
231,0
231,0
231,0
231,0
231,0
231,0
230,8
230,3
230,1
230,1
230,0
230,0
230,0
230,0
230,0
230,0
230,0
230,0
230,0
230,0
229,3
229,1
229,1
229,1
229,0
229,0
229,0
229,0
229,0
229,0
229,0
229,0
229,0
229,0
229,0
229,0
229,0
229,0
228,4
228,3
228,1
228,1
228,0
228,0
228,0
228,0
228,0
228,0
228,0
228,0
228,0
228,0
227,3
227,2
227,1
227,1
227,1
227,0
227,0
227,0
227,0
227,0
227,0
227,0
227,0
227,0
227,0
227,0
227,0
226,1
226,1
226,1
226,0
226,0
226,0
226,0
226,0
226,0
226,0
226,0
226,0
226,0
226,0
226,0
226,0
226,0
226,0
225,3
225,2
225,2
225,1
225,1
225,1
225,0
225,0
225,0
225,0
225,0
225,0
225,0
225,0
225,0
225,0
225,0
225,0
225,0
225,0
225,0
224,3
224,2
224,2
224,1
224,1
224,1
224,1
224,1
224,0
224,0
224,0
224,0
224,0
224,0
224,0
224,0
224,0
224,0
224,0
224,0
224,0
224,0
224,0
224,0
223,3
223,2
223,1
223,0
223,0
223,0
223,0
223,0
223,0
223,0
223,0
222,2
222,1
222,1
222,1
222,0
222,0
222,0
222,0
222,0
222,0
222,0
222,0
222,0
222,0
222,0
222,0
222,0
221,2
221,1
221,1
221,1
221,0
221,0
221,0
221,0
221,0
221,0
221,0
221,0
221,0
221,0
221,0
221,0
221,0
221,0
221,0
220,9
220,2
220,1
220,0
220,0
220,0
220,0
220,0
220,0
220,0
219,5
219,2
219,1
219,1
219,0
219,0
219,0
219,0
219,0
219,0
219,0
219,0
219,0
219,0
219,0
219,0
219,0
219,0
219,0
219,0
218,8
218,7
218,6
218,2
218,2
218,1
218,1
218,0
218,0
218,0
218,0
218,0
218,0
218,0
218,0
218,0
218,0
218,0
217,2
217,2
217,2
217,2
217,1
217,1
217,0
217,0
217,0
217,0
217,0
217,0
217,0
217,0
217,0
217,0
216,3
216,2
216,2
216,1
216,1
216,1
216,1
216,0
216,0
216,0
216,0
216,0
216,0
216,0
216,0
216,0
216,0
215,3
215,1
215,0
215,0
215,0
215,0
215,0
215,0
215,0
215,0
215,0
214,4
214,3
214,1
214,1
214,0
214,0
214,0
214,0
214,0
214,0
214,0
214,0
214,0
214,0
214,0
214,0
214,0
213,3
213,1
213,1
213,1
213,0
213,0
213,0
213,0
213,0
213,0
213,0
213,0
213,0
213,0
213,0
213,0
213,0
212,1
212,1
212,1
212,1
212,0
212,0
212,0
212,0
212,0
212,0
212,0
212,0
212,0
212,0
212,0
212,0
212,0
212,0
212,0
211,9
211,1
211,0
211,0
211,0
211,0
211,0
211,0
211,0
211,0
211,0
211,0
211,0
211,0
211,0
211,0
210,6
210,4
210,3
210,3
210,2
210,1
210,0
210,0
210,0
210,0
210,0
210,0
210,0
210,0
210,0
210,0
210,0
210,0
210,0
210,0
210,0
210,0
210,0
209,3
209,1
209,0
209,0
209,0
209,0
209,0
209,0
209,0
209,0
209,0
208,8
208,3
208,1
208,1
208,0
208,0
208,0
208,0
208,0
208,0
208,0
208,0
208,0
208,0
208,0
208,0
208,0
208,0
207,28
207,3
207,3
207,0
207,0
207,0
207,0
207,0
207,0
207,0
207,0
206,2
206,0
206,0
206,0
206,0
206,0
206,0
206,0
206,0
206,0
206,0
205,3
205,3
205,0
205,0
205,0
205,0
205,0
205,0
205,0
205,0
205,0
204,6
204,2
204,0
204,0
204,0
204,0
203,1
203,1
203,1
203,0
203,0
203,0
203,0
203,0
203,0
203,0
203,0
203,0
203,0
203,0
202,3
202,1
202,1
202,0
202,0
202,0
202,0
202,0
202,0
202,0
202,0
202,0
202,0
202,0
201,2
201,2
201,1
201,0
201,0
201,0
201,0
201,0
201,0
201,0
201,0
201,0
201,0
201,0
201,0
200,3
200,3
200,1
200,1
200,0
200,0
200,0
200,0
200,0
200,0
200,0
200,0
200,0
200,0
200,0
200,0
200,0
200,0
200,0
200,0
199,9
199,1
199,0
199,0
199,0
199,0
199,0
199,0
199,0
199,0
199,0
199,0
199,0
198,6
198,6
198,0
198,0
198,0
198,0
198,0
198,0
198,0
198,0
198,0
198,0
198,0
198,0
198,0
197,9
197,3
197,0
197,0
197,0
197,0
197,0
197,0
197,0
197,0
197,0
197,0
197,0
197,0
197,0
196,2
196,1
196,1
196,1
196,0
196,0
196,0
196,0
196,0
196,0
196,0
196,0
196,0
196,0
196,0
196,0
196,0
195,3
195,2
195,1
195,1
195,1
195,0
195,0
195,0
195,0
195,0
195,0
195,0
195,0
195,0
194,1
194,1
194,0
194,0
194,0
194,0
194,0
194,0
194,0
194,0
194,0
193,3
193,2
193,2
193,1
193,1
193,1
193,0
193,0
193,0
193,0
193,0
193,0
193,0
193,0
193,0
193,0
193,0
193,0
193,0
193,0
193,0
193,0
192,4
192,1
192,0
192,0
192,0
192,0
192,0
192,0
192,0
192,0
192,0
191,4
191,3
191,0
191,0
191,0
191,0
191,0
191,0
191,0
191,0
191,0
191,0
191,0
191,0
190,2
190,2
190,1
190,0
190,0
190,0
190,0
190,0
190,0
190,0
190,0
190,0
190,0
190,0
189,7
189,3
189,2
189,1
189,1
189,1
189,1
189,0
189,0
189,0
189,0
189,0
189,0
189,0
189,0
188,2
188,0
188,0
188,0
188,0
188,0
188,0
188,0
188,0
188,0
187,1
187,0
187,0
187,0
187,0
187,0
187,0
187,0
187,0
186,8
186,3
186,2
186,2
186,2
186,1
186,1
186,1
186,0
186,0
186,0
186,0
186,0
186,0
186,0
186,0
186,0
186,0
185,3
185,2
185,2
185,1
185,1
185,0
185,0
185,0
185,0
185,0
185,0
185,0
185,0
185,0
185,0
184,10
184,4
184,4
184,3
184,2
184,1
184,0
184,0
184,0
184,0
184,0
184,0
184,0
184,0
184,0
184,0
184,0
184,0
184,0
184,0
184,0
183,5
183,2
183,2
183,1
183,1
183,1
183,0
183,0
183,0
183,0
183,0
183,0
183,0
183,0
183,0
183,0
182,5
182,4
182,2
182,1
182,0
182,0
182,0
182,0
182,0
182,0
182,0
182,0
182,0
182,0
182,0
182,0
182,0
182,0
182,0
182,0
181,6
181,2
181,1
181,1
181,1
181,0
181,0
181,0
181,0
181,0
181,0
181,0
181,0
180,1
180,1
180,1
180,0
180,0
180,0
180,0
180,0
180,0
180,0
180,0
180,0
180,0
180,0
180,0
180,0
180,0
180,0
180,0
179,3
179,3
179,1
179,1
179,1
179,0
179,0
179,0
179,0
179,0
179,0
179,0
179,0
179,0
179,0
179,0
179,0
178,2
178,1
178,1
178,0
178,0
178,0
178,0
178,0
178,0
178,0
178,0
178,0
178,0
178,0
177,7
177,3
177,3
177,3
177,2
177,1
177,0
177,0
177,0
177,0
177,0
176,3
176,3
176,3
176,2
176,1
176,0
176,0
176,0
176,0
176,0
176,0
176,0
176,0
176,0
176,0
176,0
176,0
175,2
175,1
175,1
175,0
175,0
175,0
175,0
175,0
175,0
175,0
175,0
175,0
175,0
175,0
175,0
175,0
174,2
174,2
174,1
174,1
174,0
174,0
174,0
174,0
174,0
174,0
174,0
174,0
174,0
174,0
174,0
174,0
174,0
174,0
174,0
174,0
174,0
173,7
173,3
173,2
173,1
173,0
173,0
173,0
173,0
173,0
173,0
173,0
173,0
173,0
173,0
173,0
172,5
172,2
172,2
172,0
172,0
172,0
172,0
172,0
172,0
172,0
171,1
171,1
171,0
171,0
171,0
171,0
171,0
171,0
171,0
171,0
171,0
171,0
171,0
171,0
171,0
170,2
170,1
170,0
170,0
170,0
170,0
170,0
170,0
170,0
170,0
170,0
170,0
170,0
170,0
170,0
170,0
169,1
169,1
169,0
169,0
169,0
169,0
169,0
169,0
169,0
169,0
169,0
169,0
169,0
169,0
169,0
168,1
168,1
168,0
168,0
168,0
168,0
168,0
168,0
168,0
168,0
168,0
167,3
167,2
167,2
167,0
167,0
167,0
167,0
167,0
167,0
167,0
167,0
167,0
167,0
167,0
167,0
167,0
167,0
167,0
167,0
167,0
166,2
166,2
166,1
166,0
166,0
166,0
166,0
166,0
166,0
166,0
166,0
166,0
166,0
166,0
166,0
166,0
166,0
166,0
165,1
165,1
165,0
165,0
165,0
165,0
165,0
165,0
165,0
165,0
165,0
165,0
165,0
165,0
164,1
164,1
164,1
164,1
164,1
164,0
164,0
164,0
164,0
164,0
163,1
163,0
163,0
163,0
163,0
163,0
163,0
163,0
163,0
163,0
163,0
163,0
163,0
162,3
162,1
162,0
162,0
162,0
162,0
162,0
162,0
162,0
162,0
162,0
162,0
162,0
162,0
162,0
162,0
162,0
162,0
162,0
161,1
161,1
161,0
161,0
161,0
161,0
161,0
161,0
161,0
161,0
161,0
161,0
160,2
160,1
160,1
160,0
160,0
160,0
160,0
160,0
160,0
160,0
160,0
160,0
160,0
160,0
160,0
160,0
160,0
160,0
160,0
160,0
160,0
159,2
159,2
159,1
159,1
159,1
159,0
159,0
159,0
159,0
159,0
159,0
159,0
159,0
158,1
158,1
158,1
158,0
158,0
158,0
158,0
158,0
158,0
158,0
158,0
158,0
158,0
158,0
158,0
158,0
158,0
157,2
157,1
157,1
157,1
157,1
157,0
157,0
157,0
157,0
157,0
157,0
157,0
157,0
157,0
157,0
157,0
157,0
157,0
157,0
157,0
157,0
156,2
156,2
156,2
156,0
156,0
156,0
156,0
156,0
156,0
156,0
156,0
156,0
156,0
156,0
156,0
156,0
156,0
156,0
155,3
155,1
155,1
155,1
155,0
155,0
155,0
155,0
155,0
155,0
155,0
155,0
155,0
154,6
154,5
154,3
154,3
154,2
154,2
154,1
154,1
154,0
154,0
154,0
154,0
154,0
154,0
154,0
154,0
154,0
154,0
154,0
154,0
154,0
154,0
153,7
153,3
153,2
153,1
153,1
153,0
153,0
153,0
153,0
153,0
153,0
153,0
153,0
153,0
152,3
152,3
152,0
152,0
152,0
152,0
152,0
152,0
152,0
152,0
152,0
152,0
152,0
151,7
151,4
151,3
151,2
151,2
151,2
151,1
151,1
151,0
151,0
151,0
151,0
151,0
151,0
151,0
151,0
151,0
151,0
151,0
151,0
151,0
151,0
151,0
151,0
150,3
150,1
150,1
150,0
150,0
150,0
150,0
150,0
150,0
150,0
150,0
150,0
150,0
150,0
150,0
150,0
150,0
150,0
149,2
149,1
149,0
149,0
149,0
149,0
149,0
149,0
149,0
149,0
149,0
149,0
149,0
149,0
149,0
149,0
149,0
149,0
148,3
148,3
148,2
148,1
148,1
148,1
148,1
148,1
148,0
148,0
148,0
148,0
148,0
148,0
148,0
148,0
148,0
148,0
148,0
147,2
147,2
147,1
147,0
147,0
147,0
147,0
147,0
147,0
147,0
147,0
147,0
147,0
147,0
147,0
146,2
146,0
146,0
146,0
146,0
146,0
146,0
146,0
146,0
146,0
146,0
146,0
146,0
146,0
146,0
145,2
145,1
145,0
145,0
145,0
145,0
145,0
145,0
145,0
145,0
145,0
145,0
145,0
145,0
145,0
145,0
145,0
145,0
145,0
144,2
144,2
144,2
144,1
144,1
144,0
144,0
144,0
144,0
144,0
144,0
144,0
144,0
144,0
144,0
144,0
144,0
144,0
143,2
143,1
143,1
143,1
143,0
143,0
143,0
143,0
143,0
143,0
143,0
143,0
143,0
143,0
143,0
143,0
143,0
143,0
143,0
143,0
143,0
143,0
143,0
142,4
142,3
142,0
142,0
142,0
142,0
142,0
142,0
142,0
142,0
142,0
142,0
142,0
142,0
142,0
142,0
142,0
142,0
142,0
142,0
142,0
142,0
142,0
142,0
141,3
141,1
141,0
141,0
141,0
141,0
141,0
141,0
141,0
141,0
141,0
141,0
140,2
140,1
140,1
140,0
140,0
140,0
140,0
140,0
140,0
140,0
140,0
140,0
140,0
140,0
140,0
140,0
140,0
140,0
140,0
140,0
139,0
139,0
139,0
139,0
139,0
139,0
139,0
139,0
139,0
139,0
139,0
139,0
138,3
138,3
138,2
138,1
138,0
138,0
138,0
138,0
138,0
138,0
138,0
138,0
138,0
138,0
138,0
138,0
138,0
138,0
137,3
137,2
137,1
137,1
137,0
137,0
137,0
137,0
137,0
137,0
137,0
137,0
137,0
136,4
136,3
136,2
136,2
136,2
136,1
136,1
136,0
136,0
136,0
136,0
136,0
136,0
136,0
136,0
136,0
136,0
135,9
135,9
135,1
135,1
135,1
135,0
135,0
135,0
135,0
135,0
135,0
135,0
135,0
135,0
135,0
135,0
135,0
135,0
135,0
135,0
135,0
135,0
135,0
135,0
135,0
134,2
134,1
134,0
134,0
134,0
134,0
134,0
134,0
134,0
134,0
134,0
133,3
133,1
133,0
133,0
133,0
133,0
133,0
133,0
133,0
133,0
133,0
133,0
133,0
132,0
132,0
132,0
132,0
132,0
132,0
132,0
132,0
132,0
132,0
132,0
132,0
131,2
131,2
131,1
131,1
131,0
131,0
131,0
131,0
131,0
131,0
131,0
131,0
131,0
131,0
131,0
131,0
131,0
131,0
131,0
130,3
130,2
130,2
130,1
130,0
130,0
130,0
130,0
130,0
130,0
130,0
130,0
130,0
130,0
130,0
129,6
129,3
129,2
129,2
129,1
129,1
129,0
129,0
129,0
129,0
129,0
129,0
129,0
129,0
129,0
129,0
129,0
129,0
129,0
129,0
129,0
129,0
129,0
128,1
128,1
128,1
128,0
128,0
128,0
128,0
128,0
128,0
128,0
128,0
128,0
128,0
127,3
127,3
127,2
127,1
127,1
127,0
127,0
127,0
127,0
127,0
127,0
127,0
127,0
127,0
127,0
127,0
127,0
127,0
127,0
127,0
127,0
127,0
127,0
127,0
127,0
126,0
126,0
126,0
126,0
126,0
126,0
126,0
126,0
126,0
126,0
126,0
125,3
125,0
125,0
125,0
125,0
125,0
125,0
125,0
125,0
125,0
124,2
124,2
124,2
124,1
124,0
124,0
124,0
124,0
124,0
124,0
124,0
124,0
124,0
124,0
124,0
123,2
123,1
123,1
123,0
123,0
123,0
123,0
123,0
123,0
123,0
123,0
122,4
122,1
122,1
122,0
122,0
122,0
122,0
122,0
122,0
122,0
122,0
122,0
122,0
122,0
121,3
121,2
121,1
121,1
121,0
121,0
121,0
121,0
121,0
121,0
121,0
121,0
121,0
121,0
121,0
120,3
120,1
120,0
120,0
120,0
119,2
119,1
119,1
119,0
119,0
119,0
119,0
119,0
119,0
119,0
119,0
119,0
118,3
118,2
118,2
118,1
118,1
118,1
118,1
118,1
118,1
118,0
118,0
118,0
118,0
118,0
118,0
118,0
118,0
117,5
117,3
117,0
117,0
117,0
117,0
117,0
117,0
117,0
117,0
117,0
117,0
117,0
116,2
116,1
116,0
116,0
116,0
116,0
116,0
116,0
115,2
115,1
115,0
115,0
115,0
115,0
115,0
115,0
115,0
115,0
115,0
115,0
114,2
114,1
114,1
114,1
114,0
114,0
114,0
114,0
114,0
114,0
114,0
114,0
114,0
114,0
114,0
114,0
114,0
113,2
113,1
113,0
113,0
113,0
113,0
113,0
113,0
113,0
113,0
113,0
113,0
113,0
113,0
113,0
113,0
112,3
112,2
112,1
112,1
112,0
112,0
112,0
112,0
112,0
112,0
112,0
112,0
112,0
112,0
111,6
111,1
111,0
111,0
111,0
111,0
111,0
111,0
111,0
111,0
111,0
111,0
111,0
110,0
110,0
110,0
110,0
110,0
110,0
110,0
110,0
110,0
109,1
109,1
109,1
109,0
109,0
109,0
109,0
109,0
109,0
109,0
109,0
109,0
109,0
109,0
109,0
109,0
109,0
109,0
108,1
108,1
108,1
108,0
108,0
108,0
107,2
107,1
107,1
107,0
107,0
107,0
107,0
107,0
107,0
107,0
107,0
107,0
107,0
107,0
107,0
107,0
107,0
107,0
107,0
107,0
107,0
107,0
106,4
106,3
106,1
106,1
106,1
106,1
106,1
106,0
106,0
106,0
106,0
106,0
106,0
106,0
105,2
105,1
105,1
105,0
105,0
105,0
105,0
105,0
105,0
105,0
105,0
105,0
105,0
105,0
104,3
104,2
104,1
104,1
104,0
104,0
104,0
104,0
104,0
104,0
104,0
104,0
104,0
104,0
104,0
104,0
104,0
103,2
103,1
103,1
103,0
103,0
103,0
103,0
103,0
103,0
103,0
103,0
103,0
103,0
103,0
103,0
103,0
103,0
102,3
102,1
102,1
102,1
102,0
102,0
102,0
102,0
102,0
102,0
102,0
102,0
102,0
102,0
102,0
102,0
102,0
102,0
102,0
102,0
102,0
102,0
102,0
102,0
101,5
101,1
101,1
101,0
101,0
101,0
101,0
101,0
101,0
101,0
100,1
100,1
100,0
100,0
100,0
100,0
100,0
100,0
100,0
100,0
100,0
100,0
100,0
100,0
99,0
99,0
99,0
99,0
99,0
99,0
98,1
98,1
98,1
98,1
98,0
98,0
98,0
98,0
98,0
98,0
98,0
98,0
98,0
98,0
98,0
98,0
98,0
98,0
97,2
97,1
97,0
97,0
97,0
97,0
97,0
97,0
97,0
97,0
97,0
97,0
97,0
97,0
97,0
96,3
96,3
96,3
96,2
96,1
96,0
96,0
96,0
96,0
96,0
96,0
96,0
96,0
96,0
96,0
96,0
95,3
95,0
95,0
95,0
95,0
95,0
95,0
95,0
95,0
95,0
94,1
94,0
94,0
94,0
94,0
93,1
93,1
93,1
93,0
93,0
93,0
93,0
93,0
93,0
93,0
93,0
93,0
93,0
93,0
93,0
92,2
92,1
92,0
92,0
92,0
92,0
92,0
92,0
92,0
92,0
92,0
92,0
92,0
92,0
91,3
91,2
91,1
91,0
91,0
91,0
91,0
91,0
91,0
91,0
91,0
91,0
91,0
91,0
91,0
91,0
91,0
91,0
90,2
90,1
90,1
90,0
90,0
90,0
90,0
90,0
90,0
90,0
90,0
90,0
90,0
90,0
90,0
90,0
90,0
89,2
89,0
89,0
89,0
89,0
89,0
89,0
89,0
89,0
89,0
89,0
89,0
89,0
89,0
88,2
88,1
88,0
88,0
88,0
88,0
88,0
88,0
88,0
87,1
87,0
87,0
87,0
87,0
87,0
87,0
87,0
87,0
87,0
87,0
87,0
87,0
87,0
86,5
86,1
86,0
86,0
86,0
86,0
86,0
85,1
85,1
85,0
85,0
85,0
85,0
85,0
85,0
85,0
85,0
85,0
84,0
84,0
83,1
82,0
82,0
82,0
81,1
81,0
81,0
81,0
80,0
80,0
80,0
79,0
71,0
70,0
70,0
69,0
69,0
67,0
67,0
67,0
66,0
65,0
65,0
64,0
64,0
63,1
62,0
62,0
59,0
56,0
56,0
55,6
54,0
53,0
31,0
